{
    "comparison_timestamp": "2025-06-24T18:22:50.432556",
    "protocols_compared": [
        "LwM2M",
        "Matter"
    ],
    "lwm2m_metrics": {
        "protocol": "LwM2M",
        "transport_time": 41.89014434814453,
        "session_time": 161.23652458190918,
        "encoding_time": 12.58087158203125,
        "discovery_time": 55.80782890319824,
        "total_latency": 271.5153694152832,
        "overall_efficiency": 0.7514285714285714
    },
    "matter_metrics": {
        "protocol": "Matter",
        "transport_time": 250.0,
        "session_time": 452.0,
        "encoding_time": 28.0,
        "discovery_time": 93.0,
        "total_latency": 823.0,
        "overall_efficiency": 0.8743589743589744
    },
    "comparison_results": {
        "transport_winner": "LwM2M",
        "session_winner": "LwM2M",
        "encoding_winner": "LwM2M",
        "discovery_winner": "LwM2M",
        "overall_winner": "Matter"
    },
    "performance_differences": {
        "transport_difference_ms": 208.10985565185547,
        "session_difference_ms": 290.7634754180908,
        "total_latency_difference_ms": 551.4846305847168,
        "efficiency_difference": 0.12293040293040292
    }
}